,hedgeRatio
0,
1,
2,
3,
4,
5,
6,
7,
8,
9,
10,
11,
12,
13,
14,
15,
16,
17,
18,
19,-0.00894929385026444
20,0.11060948009640015
21,0.1638814168099998
22,0.2142109396725118
23,0.2960665196685568
24,0.30688830981500814
25,0.3004381695373013
26,0.233573535805931
27,0.18435126502845378
28,0.13641692429769137
29,0.12688372093009548
30,0.07167873326034169
31,-0.06403149001232578
32,-0.16156458455361644
33,0.0001561576255539876
34,0.06524368832396021
35,0.12792458809695972
36,0.1621993555167478
37,0.21609270290508675
38,0.26198619062842
39,0.28039298381435174
40,0.3006271933060134
41,0.30682639098029085
42,0.3198177042687007
43,0.31366284439366154
44,0.3211758903308919
45,0.37403728675212733
46,0.41504539579170796
47,0.4818153569831338
48,0.5766538012363753
49,0.6960643984193666
50,0.7191790584106457
51,0.7186141545195142
52,0.6872705238998833
53,0.6493402353305555
54,0.6941250733962079
55,0.7046321464654284
56,0.6981585679702675
57,0.6837967727401519
58,0.6164773673494892
59,0.5766069710164174
60,0.5593414696695618
61,0.5203704718579729
62,0.5081372182505675
63,0.5287943798855395
64,0.6036904366437739
65,0.7099448169578864
66,0.7493386320429636
67,0.7209512223407728
68,0.7357710128699182
69,0.7342565715448472
70,0.7074196951266458
71,0.7469209273408524
72,0.7578656661903551
73,0.7693662079759633
74,0.6815695849668373
75,0.5376206276619087
76,0.5389283483036706
77,0.6006452075221205
78,0.6783372505788066
79,0.8353828437166158
80,0.9910860204054188
81,1.2061892684851045
82,1.3368508847493104
83,1.4656025709350615
84,1.4838567624033203
85,1.506861553141789
86,1.5571682477816466
87,1.6667961107018527
88,1.7619743381678745
89,1.7874396546435491
90,1.913454010564692
91,1.4925186373457109
92,1.0456618056905427
93,0.7477680307329138
94,0.8648453669402443
95,1.0889284175391367
96,1.2894085520333647
97,1.3675393483949847
98,1.3528586938275566
99,1.3833890494720436
100,1.4165058025641883
101,1.4174635483801694
102,1.457633410245876
103,1.4765002122339865
104,1.4770086821791892
105,1.4395701189890815
106,1.4203126940013817
107,1.3615413078111942
108,1.2676709561478674
109,1.1572989283565676
110,1.0526143469528506
111,1.0644111281055757
112,1.063784236009269
113,0.8812797994955872
114,0.6800498760603659
115,0.6486268158751045
116,0.6859810588157416
117,0.7048456606744367
118,0.8373952287652173
119,0.8516986858289783
120,0.7492166392794388
121,0.824477185120486
122,0.813988672112373
123,0.7370144645869914
124,0.6862909851329277
125,0.7059652027196535
126,0.6879255646108504
127,0.541959940067045
128,0.33071275320844506
129,0.11830994078763979
130,-0.11560744956841518
131,-0.23898139199354773
132,-0.30256469896448834
133,-0.34789216521994604
134,-0.28279750962269645
135,-0.1883904516491839
136,-0.1852176420552496
137,-0.22759722089563184
138,-0.10995413311388802
139,-0.08297285605021898
140,-0.07281749823027894
141,-0.06129099615782252
142,-0.07984712644361025
143,-0.08166137299872389
144,-0.12476342040417876
145,-0.22448381249773774
146,-0.29064507615112234
147,-0.14860067501240337
148,-0.057689245914389176
149,0.1983485049272531
150,0.2400588954133127
151,0.42396317511702364
152,0.6150508987548164
153,0.7344218201410513
154,0.7661171723361804
155,0.8544277199307544
156,0.8655018695062608
157,1.0637750658111145
158,0.9832558297475771
159,0.9916100784716946
160,0.9963197923716507
161,1.0256800752131312
162,0.991762569436105
163,0.5446885537276103
164,0.353621112165456
165,0.18194074712937436
166,0.09368983694412236
167,0.07135615268043694
168,0.17262848001882958
169,0.3099743393868266
170,0.4061066219605891
171,0.3384060643174962
172,0.16613866378793318
173,-0.04289886282731459
174,0.0016492865279360558
175,0.5544141348273115
176,0.9406467552289541
177,1.143942059690744
178,1.5178882407635683
179,1.8642704001231323
180,1.5547979786497308
181,1.241990327595886
182,0.5846546488437525
183,0.5585684323250462
184,0.35181499644750147
185,0.06840192858771843
186,-0.10501455547500882
187,-0.04732406144557899
188,-0.0499824396333679
189,-0.021591701844954514
190,-0.055799118775894385
191,-0.05568166075272529
192,-0.015977860525936194
193,0.11975730942685914
194,0.2594807662230778
195,0.513989422292525
196,0.8062626206019559
197,1.0812316080800883
198,1.4128987856463482
199,1.750181283947768
200,1.7743607894894922
201,1.7947425904953889
202,1.6278938685363755
203,1.420179591496435
204,1.322299068584016
205,1.1639592168467061
206,0.9943752956146454
207,0.9503378293711648
208,0.8169491768931039
209,0.7568980693599769
210,0.5431277571833562
211,0.5163281461532279
212,0.4774858659216079
213,0.235134070406275
214,0.17996391670158118
215,0.11925648059764171
216,0.03322894602092674
217,-0.07285076777770882
218,-0.07458703667180089
219,-0.05030640151312582
220,0.004502784554460959
221,0.039619513836669285
222,0.1149913283816204
223,0.18432028362440178
224,0.22069496439985414
225,0.22127224124801614
226,0.23060673524219055
227,0.23717902860721551
228,0.2545871559623265
229,0.28924902913968253
230,0.3530921529522857
231,0.42060850651068904
232,0.5645343925516499
233,0.8370709543705743
234,1.1832628648226091
235,1.3128115648796665
236,1.357693796867352
237,1.3537642406918167
238,1.280190596018656
239,1.0732021877433908
240,0.9342842512060088
241,0.9071816762070739
242,0.6692966357049954
243,0.3121313371730139
244,-0.03446163123498991
245,-0.34033423764822146
246,-0.5510433512672535
247,-0.6522153674754918
248,-0.769341432224337
249,-0.8524864937326129
250,-0.9330008009419544
251,-0.9475728099032494
252,-0.8420094685652657
253,-0.7331003962945033
254,-0.44872065975505393
255,-0.13851001516468386
256,-0.020811529690035968
257,-0.09601542352538672
258,-0.3318201954680262
259,-0.3751032610798575
260,-0.29540822883791407
261,0.24830402105999383
262,0.33133811756670184
263,0.33127376531865593
264,0.34038002539273293
265,0.38855100454657077
266,0.23119137096364284
267,0.15232439020928723
268,-0.05865797355772884
269,-0.12276660233555958
270,-0.2800383572616738
271,-0.217939359437878
272,-0.34280738303459657
273,-0.3523660583587116
274,-0.2966624271657565
275,-0.3056328523261982
276,-0.33829109735643215
277,-0.29459687091775777
278,-0.19357315665092756
279,-0.08468605046800803
280,0.10598154919171066
281,0.1920894783042968
282,0.2514423898792302
283,0.3017957627216674
284,0.3591313222550525
285,0.2915954161699119
286,0.2288038966635213
287,0.16302533757971105
288,0.18296274484328023
289,0.11041317594754219
290,0.025717341167364793
291,-0.075519287905081
292,-0.1843970877580432
293,-0.22274609311170934
294,-0.35287324122327846
295,-0.35134774276684766
296,-0.3111328223576493
297,-0.2022943529054828
298,0.03810786046597059
299,0.48756807756035414
300,1.0522249254499911
301,1.1304369991194108
302,1.4232232997946994
303,1.3551169294132706
304,1.3361368981204578
305,1.434689356083254
306,1.5541789017270276
307,1.6391971462335277
308,1.7738006769550339
309,1.7164793419515263
310,1.5449257924528865
311,1.4077021898915518
312,1.2174213866496757
313,1.181611398023506
314,1.1098514475311276
315,0.9573092349978651
316,0.846020456120641
317,0.7263597548690086
318,0.5772586208686334
319,0.3928631305852832
320,0.25260484048430953
321,0.026190299202426104
322,-0.13481769039208302
323,-0.4256969097932597
324,-0.20333874600419222
325,-0.2879246273441822
326,-0.2876290010099183
327,-0.3066624745770241
328,-0.2924727013341908
329,0.0443632638634881
330,0.06371531586955825
331,0.15226488213284028
332,0.5581251851872366
333,0.4925035126179864
334,0.6724563750231027
335,0.8181152000925067
336,0.852400524652694
337,0.9020558588308631
338,0.9032836867936567
339,0.8795778868607158
340,0.7934549850469921
341,1.0609211090595636
342,1.2649570872308686
343,1.2523264076507985
344,1.157420788485524
345,1.1804603563070941
346,1.1163668213289384
347,1.1389461465653312
348,1.1822325987693603
349,1.2209010122520567
350,1.2491007683689759
351,1.277783003643549
352,1.2715010896721424
353,1.2199199128574492
354,1.175664054026356
355,1.1289658078388811
356,1.079652169638166
357,1.0505695930080492
358,1.092233371823795
359,1.0968608208320347
360,1.0080890122544588
361,0.9968650322430221
362,1.0222420766481264
363,0.9809757225280009
364,0.8541277864851509
365,0.763869740928385
366,0.6305478054759988
367,0.5884941011054252
368,0.632413257344524
369,0.6407710865642002
370,0.8924462061613667
371,1.2100706165192605
372,1.4754884881140242
373,1.6146709479326091
374,1.6671732856952985
375,1.7422751389785844
376,1.7114916006471503
377,1.848677970790959
378,2.068300303776141
379,2.0087462010656054
380,1.9836337607009682
381,1.9479263216276195
382,2.01498477661562
383,2.05578499770877
384,1.949844135660669
385,1.8414107356743443
386,1.6570780050280973
387,1.4348777610144907
388,1.2811527381907126
389,1.1824955233726087
390,1.1547089328970515
391,1.128178107092026
392,1.1012486060027413
393,1.0813330812750337
394,1.0143430192731557
395,0.8829890700030774
396,0.7433307889725711
397,0.615977409808238
398,0.6105990785517861
399,0.6070415512162981
400,0.5929061737970187
401,0.4439587753486194
402,0.49235993563388547
403,0.5978076816272733
404,0.6580285829572858
405,0.6783264814689574
406,0.7271296642434208
407,0.7733304021617187
408,0.9265392512843391
409,0.8701957813864283
410,0.9224644856476516
411,0.9316686168840533
412,0.947021279071123
413,0.9797608368071451
414,1.122255608453088
415,1.5327920431236635
416,1.4745895787145855
417,1.4161338219064419
418,1.2008465121516565
419,0.9510946418558888
420,1.126316786746429
421,1.3191898944423883
422,1.2645517732603366
423,1.29625907110767
424,1.2616705647483286
425,1.156781532445848
426,1.0505069305106645
427,0.9579476618540639
428,0.7909504647012682
429,0.6652683742792078
430,0.4781629470629696
431,0.35883027947193114
432,0.28792789677828523
433,0.209952332595833
434,0.1274322365596845
435,0.015771952050045
436,-0.09947930080943479
437,-0.2980565021194934
438,-0.46189308879365853
439,-0.6545597543372423
440,-0.7020725067554849
441,-0.6858825331401022
442,-0.6516441026469693
443,-0.6216040820972921
444,-0.4827676041227278
445,-0.37618073562771315
446,-0.23078074552108774
447,-0.041262472375819925
448,0.1045099182224476
449,0.25671087364071354
450,0.3323266278216579
451,0.43559896703118284
452,0.42685118812005385
453,0.47333949821813803
454,0.573836265243699
455,0.5850869799191969
456,0.9180096783115914
457,1.194954468382548
458,1.204199697704098
459,1.2800917755921546
460,1.3546586610486884
461,1.494844031638877
462,1.4293819171778068
463,1.4394675485773405
464,1.3658125249478417
465,1.2511326791903912
466,1.2078468278068613
467,1.1811398580766763
468,1.1296985933298629
469,1.066715351683115
470,1.076849492529277
471,1.1047132281214544
472,1.1336698789239108
473,1.1542618526655133
474,1.1940226655185597
475,1.1656401900190758
476,1.2824211185361492
477,1.150715892966673
478,0.7638914006622599
479,0.6437485985293279
480,0.5816822883598434
481,0.5144299295968722
482,0.4359458913377239
483,0.38958797694476743
484,0.42960346719939935
485,0.44507422854212564
486,0.41657513253392153
487,0.4214567980211541
488,0.406112982769514
489,0.3906623554074713
490,0.3426850920571951
491,0.31933330917559033
492,0.2816512460412923
493,0.22399301794325766
494,0.1725826843435243
495,0.4629109813422474
496,0.8553751821973492
497,1.1688472895339146
498,0.9933581053605849
499,0.7161737944593369
500,0.797773154643437
501,0.8183099806592509
502,0.5796370599250622
503,0.25638511251690943
504,0.01216853090636505
505,-0.5704460925676358
506,-0.6289118852785123
507,-0.42987207034775565
508,-0.38527836416142236
509,-0.40058360613534205
510,-0.4373719919897212
511,-0.47996551027245005
512,-0.4476821776311226
513,-0.3982261865273813
514,-0.3436068848434388
515,-0.36644995778806333
516,-0.34214990002828927
517,-0.17062547575187637
518,0.1991953519427625
519,0.6656585739219736
520,1.2344621059037308
521,1.6633149315457558
522,1.6841448127991043
523,1.7177625620722665
524,1.7435758356821225
525,1.707678945348107
526,1.5984269735211
527,1.3737236859824407
528,1.1963129516143454
529,1.1173383243817625
530,1.10562293276098
531,1.0240243935068065
532,1.0977041242563246
533,1.0698242246594418
534,0.8294189147477482
535,0.6894712400544449
536,0.26351144545424177
537,0.03518592826958411
538,0.02611328074544872
539,0.05434464789232152
540,0.17497353182443476
541,0.08972575021607554
542,0.26982435395711946
543,0.3138389323994488
544,0.6280548791510228
545,0.878656876133391
546,1.043130243710948
547,1.165742451418737
548,1.2337605185571192
549,1.1040558875920397
550,1.0192515594997076
551,1.0040302646218606
552,1.0291641997389434
553,0.960916731353791
554,0.8410584684665992
555,0.8467202839751735
556,0.9881342069515995
557,1.026209132714257
558,0.8454570037381473
559,0.7029341417696742
560,0.5600975123709304
561,0.3277713970978766
562,0.1474862061274962
563,0.09177374006708305
564,0.35238357133630416
565,0.5191317158955826
566,0.8993625261614397
567,1.2135137853288143
568,1.6945004621056796
569,1.7380209352218117
570,1.7907201267721575
571,1.867584461869228
572,2.0133317270572206
573,1.9633789665501808
574,1.9342165202201613
575,1.7650717386918586
576,1.5670050112851186
577,1.2282818924321646
578,1.069395174130932
579,0.9544047234048207
580,0.8723965341249027
581,0.806065313260774
582,0.749029318186615
583,0.720564590852689
584,0.6972870171867385
585,0.6536700696263438
586,0.6814809675431093
587,0.6838427421121196
588,0.725116085650825
589,0.6431079770320594
590,0.6163184780463098
591,0.49775723715106324
592,0.5313400143638773
593,0.6275336025832985
594,0.8457915777078142
595,1.0740423856273082
596,1.6795823925112927
597,1.933661920693794
598,1.7474891069864498
599,1.6418402444915046
600,1.7108171100408072
601,1.8882296713934466
602,2.0489255753891484
603,1.1703652459178784
604,0.9167449946236275
605,0.5077332389703315
606,0.3914056691183987
607,0.3204164587218088
608,0.2708943375134254
609,0.26218592840189103
610,0.2456756573433836
611,0.10725392152608038
612,0.1265642949907999
613,0.1346014698867748
614,0.17113448294196587
615,0.20133269832913925
616,0.21187397600044733
617,0.1814868107047687
618,0.17328013967829747
619,0.14457625315611722
620,0.3952123741893274
621,0.599492326611653
622,1.0470425557975886
623,1.282261389036762
624,1.7040870728501432
625,1.7451223284751904
626,1.6591692381898042
627,1.5651725383830808
628,1.4309720778073256
629,1.2564961329298683
630,1.2039528317194197
631,1.2587027392291077
632,1.2149129660831761
633,1.1445970558964689
634,1.1112926620851908
635,1.0387019730001725
636,1.0059246266296498
637,0.9614819953597475
638,0.9358264757498489
639,1.0257281568711392
640,1.024925976774739
641,0.9221952869720553
642,0.8817708563628912
643,1.204840696847441
644,1.3621859138766013
645,1.310892100050296
646,1.0845869199688423
647,0.6996669199625103
648,0.8690545681156436
649,1.0388903296770877
650,-0.38761636539516076
651,-0.5091071134886533
652,-0.6679917673424143
653,-0.6501945453513258
654,-0.654364930346162
655,-0.5956161370238533
656,-0.5886937370530632
657,-0.6501972089999981
658,-0.5888894236073838
659,-0.49504138066589576
660,-0.4430239537430225
661,-0.3961931420215592
662,-0.37587250202102496
663,-0.3028077539520382
664,-0.151074395413616
665,-0.101142001906112
666,-0.05215528042811002
667,-0.030075500115799514
668,-0.014784099470034562
669,-0.048536390961885445
670,-0.15090173010759145
671,-0.2646056421846197
672,-0.3784187969425261
673,-0.4760138956431206
674,-0.49555019836327574
675,-0.4729525147449749
676,-0.4116625605704485
677,-0.3191199372147935
678,-0.29957110460904346
679,-0.3510568605137223
680,-0.36444091031398784
681,-0.5716072291974115
682,-0.5941490654975041
683,-0.11476829855098458
684,0.2543120190988475
685,0.37041001727754974
686,0.3849645464573541
687,0.365917725772988
688,0.32283562793554665
689,0.33747346177722193
690,0.312707865539096
691,0.2527208179669742
692,0.19758785793737843
693,0.12901989552557325
694,0.09209244098718727
695,0.012053318747462072
696,-0.08411570707278315
697,-0.1577912198104059
698,-0.16511375734151557
699,-0.18738065732162568
700,-0.17361839748446073
701,-0.1758295796437892
702,-0.16850114120231297
703,-0.20297232589328473
704,-0.2267302035154728
705,-0.2689206938018742
706,-0.3788758228553206
707,-0.5425306442147075
708,-0.6728528816090602
709,-0.7118694229937432
710,-0.7263686010371657
711,-0.6744053840389483
712,-0.6406209589105742
713,-0.6324429444160842
714,-0.6242286099501371
715,-0.6084259437474202
716,-0.5682924693568907
717,-0.5327525892614631
718,-0.5095020162540322
719,-0.49781109612206365
720,-0.47510757263347614
721,-0.48444953430254145
722,-0.46808332968311106
723,-0.44126986980865013
724,-0.45952482346569923
725,-0.47014979881748786
726,-0.4861573618596253
727,-0.49204072359202655
728,-0.4231527962219843
729,-0.3169973555382626
730,-0.19041744899516289
731,0.1337221114087015
732,0.3391644817534143
733,0.4755903971879434
734,0.5961803569186941
735,0.6436392485338729
736,0.606295028419936
737,0.522351568433578
738,0.4994082898349461
739,0.4095516907752881
740,0.28963267371022994
741,0.15074406632777482
742,0.1199563643658621
743,0.07658881496530512
744,0.05602095128676865
745,0.0856506407493498
746,0.11352883719285956
747,0.12553299642729598
748,0.16360914293682072
749,0.19299042960113866
750,0.2451613707541469
751,0.23954876046650497
752,0.21740733698391068
753,0.14893513168601658
754,-0.017153065952925317
755,-0.13329795890592777
756,-0.13263887495304516
757,-0.1653506923214536
758,-0.18506164987502416
759,-0.32635171234483096
760,-0.2468192266587721
761,-0.12239461858280265
762,0.0748565846913607
763,0.23164288366297114
764,0.51736384146011
765,0.6251413523270912
766,0.7307025767061077
767,0.7673497762482384
768,0.8988645163749425
769,1.0687796609511224
770,1.0784480896254536
771,1.0754084923457867
772,1.0361452990707676
773,0.8662833007628024
774,0.795527660114999
775,0.753779295247341
776,0.7136828059262825
777,0.6934644243642651
778,0.6682975268392966
779,0.7311796935905477
780,0.768172772842604
781,0.7775922692550239
782,0.8103770725819004
783,0.8367070973288264
784,0.8753927417881187
785,0.9337628723227454
786,0.9636868265492922
787,0.9375838270559598
788,0.7475465456170696
789,0.4148631810428469
790,0.13843373861436703
791,-0.18653108859643908
792,-0.3853905157159261
793,-0.3790867086925118
794,-0.21761565084511858
795,-0.17294075295421862
796,-0.14087729272341676
797,-0.10643818437779373
798,-0.033897007025416315
799,-0.019255244367514024
800,0.018419442644244555
801,0.12216086549756255
802,0.3794610404420382
803,0.656757821409883
804,0.9719439661394063
805,1.3970956946286606
806,1.723042192444609
807,2.0280313158896206
808,2.09725966841188
809,2.168468550990383
810,1.8571741089967873
811,1.6394457033520666
812,1.4714399854924523
813,1.096090273128084
814,0.9947803766549441
815,0.890244372401412
816,0.8591851941439472
817,0.7970720389052985
818,0.756409799545736
819,0.7321449739131367
820,0.7929310716310738
821,0.743458146813964
822,0.8199484945778295
823,0.9368024091045299
824,0.9982624626557026
825,1.0926910896178015
826,1.2084326967321886
827,1.3258276402239062
828,1.366403659156731
829,1.2659428908013979
830,1.1812657503774062
831,1.116305248817298
832,1.0567040970572634
833,0.9984482004301753
834,0.918501057197318
835,0.8969083223823873
836,0.8486071638753856
837,0.888291268390276
838,0.8713212180991832
839,0.8418947537429631
840,0.5969376585189821
841,0.4926206298978286
842,0.4936110488652048
843,0.46606813181460893
844,0.33554604669916444
845,-0.17670497964763854
846,-0.34947230276748087
847,-0.3823313052228059
848,-0.28551251306203085
849,-0.24423390523486432
850,-0.1805693154126402
851,-0.18101739077940238
852,-0.20600414806744993
853,-0.23155600802454046
854,-0.18620240434916013
855,-0.1293387586387098
856,-0.10074703427983422
857,-0.08366940787982458
858,-0.01610108539648536
859,-0.0163573916737505
860,-0.00043831979951391986
861,0.10773378290514302
862,0.261921684388426
863,0.43579580615300983
864,0.6798861086649595
865,0.7445038650675997
866,0.736469067807775
867,0.6311815754525014
868,0.4426832671415468
869,0.361421471435051
870,0.3283224820909254
871,0.32878732110941655
872,0.34527899497697945
873,0.3711659845318991
874,0.400508248567121
875,0.4620736871555664
876,0.5363322895897227
877,0.5977941060505145
878,0.6391963955365441
879,0.6762379158766407
880,0.6941698836549222
881,0.7012908403771689
882,0.691998380815221
883,0.6315178278409803
884,0.5738958243705383
885,0.5865290378178543
886,0.48202361494850265
887,0.2137983706115847
888,0.18416808516167293
889,0.153263996626265
890,0.18220912763945307
891,0.08281227868906171
892,0.0670753562851587
893,0.05984193615699951
894,0.04843471381593645
895,0.0069058769894354555
896,-0.03302007619345204
897,-0.02574935006157375
898,-0.017411401407912308
899,0.0030775168332297653
900,0.0024705550741259685
901,-0.003802431164842801
902,-0.019742774891426507
903,-0.03960182921287014
904,-0.06937636221010735
905,-0.07842002248395374
906,-0.12349441327933164
907,-0.1322101720570572
908,-0.12938731226080336
909,-0.1262719909690304
910,-0.11948301199714706
911,-0.13174260037618524
912,-0.08496949706574242
913,-0.009199945381681118
914,0.07996673786772135
915,0.19282289812178988
916,0.27746875414675287
917,0.3382325806347808
918,0.37452456046196403
919,0.3702482233734372
920,0.3692308975129208
921,0.349301032154699
922,0.30950843594172284
923,0.26615408253894657
924,0.22947482702750222
925,0.2019335909458846
926,0.15681144529861513
927,0.08434827040980508
928,0.0037700458356653144
929,-0.1109883312187776
930,-0.18495815588130426
931,-0.07048472834208042
932,0.053245613756871535
933,0.23281649257341996
934,0.38228756063926994
935,0.4036079986412915
936,0.44026086972075973
937,0.44697859463576606
938,0.5128159329476603
939,0.44506219906566
940,0.4371436460176028
941,0.40384732485972563
942,0.40726910090234014
943,0.4447885005372427
944,0.48553949885717884
945,0.5421794001501894
946,0.6034767279625157
947,0.692002261171865
948,0.7572593965065835
949,0.751810495234281
950,0.7448308649329647
951,0.6570471254791528
952,0.6228517106482059
953,0.5725257420770049
954,0.5342819260290526
955,0.485733970473575
956,0.4698588376718362
957,0.4656997400504679
958,0.4645000172924938
959,0.4587185152508937
960,0.483448987669135
961,0.5272866082982546
962,0.5605906903299456
963,0.5707647970084508
964,0.5756270451402088
965,0.5746502033232446
966,0.5793245031445622
967,0.5590759989504477
968,0.5462720052051964
969,0.5463667621304467
970,0.5469586449468125
971,0.5667240765186534
972,0.5520986935525798
973,0.5200615854787429
974,0.471740295412701
975,0.41271409398450487
976,0.2718738981448041
977,0.08091838943619223
978,0.1192906192177361
979,0.12008304874234454
980,0.1522718078658727
981,0.14901156593123233
982,0.12043861031179404
983,0.06274722739044591
984,0.06942945125092592
985,0.0609306575811388
986,0.07291708074262715
987,0.07605953695065182
988,0.10797346151866805
989,0.1525467560263678
990,0.2834030175663429
991,0.4466620722746484
992,0.5462406765791457
993,0.5294618633558912
994,0.500079651310898
995,0.438411589011821
996,0.40786679856341834
997,0.37596166331229597
998,0.38654480280263215
999,0.3833338407498559
1000,0.3811943049108777
1001,0.364951128978646
1002,0.3587344799342418
1003,0.34212918925959457
1004,0.32582583183079805
1005,0.2808594090713541
1006,0.19203913174646914
1007,0.05526135724630876
1008,-0.07902323727375915
1009,-0.16021457202532474
1010,-0.08872924833622164
1011,0.03511155924843479
1012,0.0529576142280348
1013,-0.050501320478815614
1014,-0.30757281067053555
1015,-0.4485914982763006
1016,-0.49007386599180336
1017,-0.4850948803315305
1018,-0.4565676923700721
1019,-0.4640371375198242
1020,-0.5200132799930657
1021,-0.6020862790995238
1022,-0.6838584180592875
1023,-0.7045478285219815
1024,-0.6938985851850248
1025,-0.5773822717533221
1026,-0.5262879135135563
1027,-0.4896348545839828
1028,-0.4432642968042728
1029,-0.29849702260048616
1030,-0.14077562076681716
1031,0.014915281861931362
1032,0.26717983314347293
1033,0.5788452184685866
1034,0.5642638850383719
1035,0.44460269456999413
1036,0.47305463191878516
1037,0.3991641303734923
1038,0.3022503061617954
1039,0.24321558135170562
1040,0.22362587169982362
1041,0.270928738112616
1042,0.3123932978837729
1043,0.3694874376419648
1044,0.3816625122649384
1045,0.4128151218324092
1046,0.3805370940553985
1047,0.2624563242338809
1048,0.18412782822224472
1049,0.271632994106767
1050,0.2918972672291602
1051,0.25490091204073906
1052,0.21565102411432235
1053,0.33422995966566305
1054,0.347728221455327
1055,0.412645570992936
1056,0.4129560248957205
1057,0.3697653960241496
1058,0.3681029163064977
1059,0.3549122844917747
1060,0.337202883938744
1061,0.31563454541696956
1062,0.29593996052028615
1063,0.2684464977071457
1064,0.2128819237013886
1065,0.17072308368949507
1066,0.14347669194660284
1067,0.12472464802567629
1068,0.09591355832662884
1069,-0.02770060728767021
1070,-0.10375948528940171
1071,-0.11481234443454014
1072,-0.1718866476239782
1073,-0.17707562688747203
1074,-0.1414448802206607
1075,-0.15578955012506412
1076,-0.10011065031085309
1077,-0.05433489458846452
1078,0.03117213130917662
1079,0.11029478530736014
1080,0.17536408017031135
1081,0.21695569586745478
1082,0.14037971841298713
1083,0.03604212389927852
1084,-0.09518411155181639
1085,-0.15289904477299388
1086,-0.2192436404120599
1087,-0.2676988954258377
1088,-0.31022492598538065
1089,-0.35970624489527836
1090,-0.5100478690866339
1091,-0.6781310639851199
1092,-0.830692306520632
1093,-0.8853493858591719
1094,-0.9273811850184757
1095,-0.9171900080752948
1096,-0.8407340362391551
1097,-0.697940068293974
1098,-0.60440773356504
1099,-0.4511676062306833
1100,-0.2943021143792066
1101,-0.2121971230667441
1102,-0.14163769259403125
1103,-0.055467834370574565
1104,0.09108043915193775
1105,0.17173879832535022
1106,0.1608997324988195
1107,0.12601260973906392
1108,0.12986040002124355
1109,0.05427428507255172
1110,-0.03533248783514864
1111,-0.06838896518434012
1112,-0.0610380290302146
1113,-0.03539793730283236
1114,-0.029755580406686022
1115,-0.02118172556697573
1116,0.0287332264865654
1117,0.11489542772915229
1118,0.168855984837478
1119,0.22622949428296124
1120,0.2726288116238038
1121,0.29391627084635275
1122,0.3596468011136267
1123,0.42914300284746787
1124,0.45346331285736596
1125,0.454213352627562
1126,0.4223515765213506
1127,0.3964374573015448
1128,0.39893786368770634
1129,0.382163647685843
1130,0.3574764009707678
1131,0.3231073952085808
1132,0.2971921299914584
1133,0.2559193770177899
1134,0.1969701565201376
1135,0.1491444748644426
1136,0.1329460952356385
1137,0.13390031917879242
1138,0.16003805218406342
1139,0.1770541025507555
1140,0.1720683500375344
1141,0.24279903215187915
1142,0.2887837193318319
1143,0.2925760778731501
1144,0.2970321532103526
1145,0.32137616054285445
1146,0.3352344909475278
1147,0.33951217731487304
1148,0.3415128149922566
1149,0.3303887391002718
1150,0.34055634283834024
1151,0.33790823899460065
1152,0.35229337036014385
1153,0.3526845096357647
1154,0.3458318044617954
1155,0.36764184436628966
1156,0.3694578549736889
1157,0.358666067148647
1158,0.34901019080871265
1159,0.3616658275136615
1160,0.41206382994414525
1161,0.4183114670188388
1162,0.40390517808066306
1163,0.42165600310386253
1164,0.4247304236779428
1165,0.4262783643112016
1166,0.43945788593555335
1167,0.45008902224026315
1168,0.47549111525199805
1169,0.49637403690439896
1170,0.47418974903894195
1171,0.44618583671558554
1172,0.40010251532885377
1173,0.33052531628345605
1174,0.2694665519102273
1175,0.2031632739390261
1176,0.09456537350160943
1177,0.07558792272629944
1178,0.09529449793035383
1179,0.0799827952259875
1180,0.11005097487304738
1181,0.14457338108968543
1182,0.1936652080667045
1183,0.1886065762328144
1184,0.1976760092884433
1185,0.20647879718671902
1186,0.19999986449420248
1187,0.1997208010657232
1188,0.212020432513782
1189,0.19292554049843602
1190,0.1296156379162312
1191,0.10183611764114175
1192,0.09705411729146363
1193,0.13196329206539303
1194,0.15404058200851978
1195,0.18904894232321112
1196,0.2315364414492933
1197,0.2477618140623008
1198,0.2833284336778661
1199,0.29768706836182446
1200,0.28941192202580623
1201,0.3052202773967565
1202,0.3045264910467722
1203,0.30675295532887503
1204,0.3276970374515713
1205,0.34843527768362037
1206,0.33135959681521854
1207,0.28758557838068555
1208,0.22484331320765705
1209,0.15462334754965923
1210,0.05535262645980765
1211,-0.11586860274883293
1212,-0.26798356767676523
1213,-0.25740310768674135
1214,-0.22692840271452042
1215,-0.10057325598609168
1216,0.04443536329961262
1217,0.09827666878743457
1218,0.14205980215103864
1219,0.20823773978565896
1220,0.3541810614251517
1221,0.46913757744096074
1222,0.5965656036825067
1223,0.6950392350464654
1224,0.7880157811429171
1225,0.8724303565201126
1226,0.9072493828717825
1227,0.9436403505494582
1228,0.9916982700895005
1229,1.072874258064985
1230,1.1270513219819804
1231,1.0734008955851095
1232,0.9990666313387919
1233,0.8950862384303946
1234,0.7298411617780403
1235,0.6895651130475926
1236,0.667361986564174
1237,0.6308567123246576
1238,0.6134168082480755
1239,0.5542515765828284
1240,0.6341962985125065
1241,0.6865513570919575
1242,0.7033342040813295
1243,0.7238727295589342
1244,0.7646564474889601
1245,0.6591679368198129
1246,0.6132388543101115
1247,0.6303515025881552
1248,0.6504604173355801
1249,0.6266461787240587
1250,0.5689151570725244
1251,0.5162497654225717
1252,0.45594500899915147
1253,0.38503445027481575
1254,0.27962933056983275
1255,0.227740901758807
1256,0.22982431809657555
1257,0.23743053743532982
1258,0.24145182269398902
1259,0.22561603608812675
1260,0.21910646090771024
1261,0.19162057523328713
1262,0.18098903843588232
1263,0.19297806969507292
1264,0.1903777316193782
1265,0.17813681999496112
1266,0.24056602512735026
1267,0.2918223193844369
1268,0.31621566137505397
1269,0.33761885547266957
1270,0.38857485147423176
1271,0.5062755826797911
1272,0.6435513954700127
1273,0.7762424241275312
1274,0.8508454175721454
1275,0.9009043960049894
1276,0.9471458133971282
1277,0.9563521442660203
1278,0.9487152096096452
1279,0.9517858097788121
1280,0.874476750287613
1281,0.7941068139748495
1282,0.6342232389440596
1283,0.4334526123627711
1284,0.22247710280043975
1285,0.1750244479039793
1286,0.1902179858755062
1287,0.13374238351639178
1288,0.11476150928206152
1289,0.12272111327524726
1290,0.14067592061678624
1291,0.13724676399851887
1292,0.16652229116903072
1293,0.1477099508815627
1294,0.10929963341732218
1295,0.17705272051989596
1296,0.15697555083715997
1297,0.12409069036584697
1298,-0.13388815260805131
1299,-0.2628003324944075
1300,0.062452449774355046
1301,0.4676935529223556
1302,0.5475639063502058
1303,0.5292425831567016
1304,0.4972762591442006
1305,0.43568078349881034
1306,0.34581962294601
1307,0.31511031538548195
1308,0.2881241085763122
1309,0.2529448787479396
1310,0.16812602308232272
1311,0.12268252392618706
1312,0.14202017759362207
1313,0.16271708581211897
1314,0.14315381123753923
1315,0.14709468217461108
1316,0.12775362232622456
1317,0.1345555073999094
1318,0.14082450770428068
1319,0.15102991199813687
1320,0.15121177207674918
1321,0.1348310861285995
1322,0.11175785637590252
1323,0.08660052493667081
1324,0.07332855381872605
1325,0.04836270946981358
1326,0.008599966363931344
1327,-0.04884196617297221
1328,-0.11674349931411143
1329,-0.21069430645059128
1330,-0.3380183974238662
1331,-0.4978403077357143
1332,-0.5317654341025104
1333,-0.43872369788135757
1334,-0.41980402667098815
1335,-0.40926151444867287
1336,-0.37724880980977105
1337,-0.3467627903485493
1338,-0.3152200397810674
1339,-0.301433832237862
1340,-0.27133313672608494
1341,-0.22187881184329683
1342,-0.19608273820169586
1343,-0.1817983767643767
1344,-0.16189716714818303
1345,-0.13431866422882877
1346,-0.09914649656221286
1347,-0.053588207077780226
1348,-0.006768280679949612
1349,0.015817688906452076
1350,0.05230073386820777
1351,0.024200452331569977
1352,-0.007662491339488042
1353,-0.0032316847264723947
1354,-0.006105425543637466
1355,-0.020378647024244856
1356,-0.006453034722994744
1357,-0.007022118255690657
1358,-0.016709864956965248
1359,-0.02263156047990833
1360,0.004987669020749763
1361,0.054006003048584716
1362,0.06940987556708933
1363,0.13081097103122374
1364,0.1451558592452784
1365,0.1378558791305693
1366,0.12844125568285847
1367,0.12684280774873002
1368,0.11975663748111742
1369,0.12626549792571495
1370,0.14503840441550153
1371,0.1625503580462464
1372,0.16056296788516988
1373,0.1598218585581037
1374,0.16278651899845897
1375,0.15689142814608203
1376,0.14691286821134497
1377,0.14143142418956245
1378,0.12615462355125828
1379,0.11674039041812989
1380,0.11654818772314002
1381,0.1258571671428399
1382,0.16794630390131715
1383,0.337652200357752
1384,0.32006707088817166
1385,0.3416003540894508
1386,0.4084568088103424
1387,0.4055561479011658
1388,0.4156555109263991
1389,0.38670809701790176
1390,0.37454576920623595
1391,0.32856581464307055
1392,0.2948489147019018
1393,0.27473849228238123
1394,0.2633093342686834
1395,0.2543724202502631
1396,0.2561170453128341
1397,0.25231565864098116
1398,0.24994505438743886
1399,0.2567019381901616
1400,0.2534420417444778
1401,0.26159340134171316
1402,0.26379731875755397
1403,0.24251666293559992
1404,0.20795236296999065
1405,0.15286832230935943
1406,0.10154402014291009
1407,0.06530490057753013
1408,0.05475222823554304
1409,0.04690049304679178
1410,0.021676853094220405
1411,0.005929774673404609
1412,0.0022455555167653074
1413,0.017243618279508155
1414,0.017374600632138026
1415,0.04291742427176359
1416,0.06715237203070501
1417,0.09741169635447022
1418,0.10526915089951672
1419,0.1206519136658244
1420,0.09647106841759978
1421,0.11731422361089017
1422,0.12366425564607653
1423,0.1333901655666807
1424,0.14370668572558998
1425,0.1377314695866403
1426,0.12999369426060525
1427,0.12197082429048578
1428,0.11378224010658755
1429,0.10266120746464935
1430,0.0882118541324246
1431,0.07585515045039415
1432,0.07263431212587079
1433,0.06295215632184181
1434,0.05416682251512839
1435,0.048001117059015996
1436,0.04540057744867454
1437,0.07652725857309406
1438,0.12807945302688495
1439,0.19141476904201227
1440,0.15824443056169457
1441,0.11963600793080786
1442,0.07087476860215247
1443,0.05361714228422443
1444,0.02510602805114104
1445,9.421099923656584e-05
1446,-0.00823704566670358
1447,-0.02074864614303351
1448,-0.027089357098248
1449,-0.026604193019068134
1450,-0.04099865314469753
1451,-0.06610794087231397
1452,-0.10307539240091046
1453,-0.10384674509435854
1454,-0.10321030388087138
1455,-0.10323926851413034
1456,-0.10379753375730161
1457,-0.09701740726490016
1458,-0.0816209260768801
1459,-0.06965342538774166
1460,-0.07764120444670652
1461,-0.0881136379880445
1462,-0.07938411349334729
1463,-0.05770395928209382
1464,-0.0366674198378405
1465,-0.08043446688634504
1466,0.020018818604967237
1467,0.18688392426020073
1468,0.3292480400994009
1469,0.4344536905455243
1470,0.4718168417277866
1471,0.45911424515861654
1472,0.28254999656405744
1473,0.22402086194961157
1474,0.23199767706364582
1475,0.16978301699339227
1476,0.10559383602003436
1477,0.09310205029851204
1478,0.08296246646943928
1479,0.07480274423244282
1480,0.058901583086253595
1481,0.04313302851073786
1482,0.038359194595727786
1483,0.04660429947665534
1484,0.04442986456700737
1485,0.03913328239337943
1486,0.049123113177358846
1487,0.06255421018096285
1488,0.06932512182925166
1489,0.049732253841284546
1490,0.04889921143012543
1491,0.09275160911147395
1492,0.09747320244059665
1493,0.08731387911370803
1494,0.0993037109353736
1495,0.08782174250814023
1496,0.10842010289866266
1497,0.15994561425941356
1498,0.1814744188061468
1499,0.2097419614769933
